Workbook

Sheet Definitions
A1: Statistic | B1: Definition used for this game
A2: Shot on goal | B2: A shot that would enter the net if the goalie did not stop it. Goals are counted as shots on goal.
A3: Shot attempt | B3: Every shot directed at the net: on goal, missed and blocked.
A4: Scoring chance | B4: An unblocked attempt from the home-plate area in front of the net, or any clear opportunity from close range.
A5: High-danger chance | B5: A scoring chance from the inner slot, off a rebound, or created by a pass across the slot.
A6: Assist | B6: Up to two players who touched the puck before the goal without the other team gaining control in between.
A7: Faceoff | B7: Credited to the player whose team gains clear possession from the draw. The losing player is recorded where the number is readable.
A8: Zone entry - controlled | B8: The puck crosses the offensive blue line carried or passed with possession retained.
A9: Zone entry - dump-in | B9: The puck is shot or chipped into the offensive zone without possession.
A10: Zone exit - controlled | B10: The puck leaves the defensive zone with possession retained.
A11: Zone exit - clear/chip | B11: The puck leaves the defensive zone without possession retained, including icings.
A12: Giveaway | B12: An unforced loss of possession: a missed pass, a failed clear, losing the puck under no real pressure.
... A20: Flagged | B20: An event the video did not allow a confident read of. Flagged events are recorded and counted, never guessed.
A22: Every number in this workbook comes from the Event log and the Credits sheet. Summary cells are live formulas, so deleting a disputed event updates the totals.
A23: Time on ice, shift counts and on-ice goal differential are calculated from the on-ice sets and written as values.

Sheet Team totals
A1: Statistic | B1: Black/Yellow | C1: Green
A2: Goals | B2: =COUNTIFS(Credits!$E:$E,"B/Y",Credits!$G:$G,"GOAL") | C2: =COUNTIFS(Credits!$E:$E,"GRN",Credits!$G:$G,"GOAL")
A3: Shots on goal | B3: =COUNTIFS(Credits!$E:$E,"B/Y",Credits!$G:$G,"SOG") | C3: =COUNTIFS(Credits!$E:$E,"GRN",Credits!$G:$G,"SOG")
A4: Missed | B4: =COUNTIFS(Credits!$E:$E,"B/Y",Credits!$G:$G,"MISS") | C4: =COUNTIFS(Credits!$E:$E,"GRN",Credits!$G:$G,"MISS")
A5: Blocked | B5: =COUNTIFS(Credits!$E:$E,"B/Y",Credits!$G:$G,"BLOCK") | C5: =COUNTIFS(Credits!$E:$E,"GRN",Credits!$G:$G,"BLOCK")
A6: Shot attempts | B6: =B3+B4+B5 | C6: =C3+C4+C5
A7: Scoring chances | B7: =COUNTIFS(Credits!$E:$E,"B/Y",Credits!$G:$G,"CHANCE") | C7: =COUNTIFS(Credits!$E:$E,"GRN",Credits!$G:$G,"CHANCE")
A8: High-danger chances | B8: =COUNTIFS(Credits!$E:$E,"B/Y",Credits!$G:$G,"CHANCE_HD") | C8: =COUNTIFS(Credits!$E:$E,"GRN",Credits!$G:$G,"CHANCE_HD")
A9: Faceoffs won | B9: =COUNTIFS(Credits!$E:$E,"B/Y",Credits!$G:$G,"FO_W") | C9: =COUNTIFS(Credits!$E:$E,"GRN",Credits!$G:$G,"FO_W")
A10: Faceoffs lost | B10: =COUNTIFS(Credits!$E:$E,"B/Y",Credits!$G:$G,"FO_L") | C10: =COUNTIFS(Credits!$E:$E,"GRN",Credits!$G:$G,"FO_L")
A11: Entries controlled | B11: =COUNTIFS(Credits!$E:$E,"B/Y",Credits!$G:$G,"ENTRY_C") | C11: =COUNTIFS(Credits!$E:$E,"GRN",Credits!$G:$G,"ENTRY_C")
A12: Entries dumped | B12: =COUNTIFS(Credits!$E:$E,"B/Y",Credits!$G:$G,"ENTRY_D") | C12: =COUNTIFS(Credits!$E:$E,"GRN",Credits!$G:$G,"ENTRY_D")
A13: Exits controlled | B13: =COUNTIFS(Credits!$E:$E,"B/Y",Credits!$G:$G,"EXIT_C") | C13: =COUNTIFS(Credits!$E:$E,"GRN",Credits!$G:$G,"EXIT_C")
A14: Exits cleared | B14: =COUNTIFS(Credits!$E:$E,"B/Y",Credits!$G:$G,"EXIT_CL") | C14: =COUNTIFS(Credits!$E:$E,"GRN",Credits!$G:$G,"EXIT_CL")
A15: Giveaways | B15: =COUNTIFS(Credits!$E:$E,"B/Y",Credits!$G:$G,"GIVE") | C15: =COUNTIFS(Credits!$E:$E,"GRN",Credits!$G:$G,"GIVE")
A16: Takeaways | B16: =COUNTIFS(Credits!$E:$E,"B/Y",Credits!$G:$G,"TAKE") | C16: =COUNTIFS(Credits!$E:$E,"GRN",Credits!$G:$G,"TAKE")
A17: Pass attempts | B17: =COUNTIFS(Credits!$E:$E,"B/Y",Credits!$G:$G,"PASS") | C17: =COUNTIFS(Credits!$E:$E,"GRN",Credits!$G:$G,"PASS")
A18: Passes completed | B18: =COUNTIFS(Credits!$E:$E,"B/Y",Credits!$G:$G,"PASS_C") | C18: =COUNTIFS(Credits!$E:$E,"GRN",Credits!$G:$G,"PASS_C")
A19: Penalties | B19: =COUNTIFS(Credits!$E:$E,"B/Y",Credits!$G:$G,"PEN") | C19: =COUNTIFS(Credits!$E:$E,"GRN",Credits!$G:$G,"PEN")
A21: Every cell is a COUNTIFS over the Credits sheet — click one to see how it is built.

Sheet Skaters
A1: Team | B1: Player | C1: Pos | D1: G | E1: A | F1: P | G1: SOG | H1: Missed | I1: Blocked | J1: Attempts | K1: Chances | L1: High danger | M1: FO won | N1: FO lost | O1: FO % | P1: Entries controlled | Q1: Entries dumped | R1: Exits controlled | S1: Exits cleared | T1: Giveaways | U1: Takeaways | V1: Pass attempts | W1: Passes completed | X1: Pass % | Y1: Penalties | Z1: TOI | AA1: TOI (seconds) | AB1: Shifts | AC1: On ice for | AD1: On ice against | AE1: Goal differential
A2: B/Y | B2: #1 | C2: G | D2: =COUNTIFS(Credits!$E:$E,"B/Y",Credits!$F:$F,"#1",Credits!$G:$G,"GOAL") | E2: =COUNTIFS(Credits!$E:$E,"B/Y",Credits!$F:$F,"#1",Credits!$G:$G,"ASSIST") | F2: =D2+E2 | G2: =COUNTIFS(Credits!$E:$E,"B/Y",Credits!$F:$F,"#1",Credits!$G:$G,"SOG") | H2: =COUNTIFS(Credits!$E:$E,"B/Y",Credits!$F:$F,"#1",Credits!$G:$G,"MISS") | I2: =COUNTIFS(Credits!$E:$E,"B/Y",Credits!$F:$F,"#1",Credits!$G:$G,"BLOCK") | J2: =G2+H2+I2 | K2: =COUNTIFS(Credits!$E:$E,"B/Y",Credits!$F:$F,"#1",Credits!$G:$G,"CHANCE") | L2: =COUNTIFS(Credits!$E:$E,"B/Y",Credits!$F:$F,"#1",Credits!$G:$G,"CHANCE_HD") | M2: =COUNTIFS(Credits!$E:$E,"B/Y",Credits!$F:$F,"#1",Credits!$G:$G,"FO_W") | N2: =COUNTIFS(Credits!$E:$E,"B/Y",Credits!$F:$F,"#1",Credits!$G:$G,"FO_L") | O2: =IFERROR(M2/(M2+N2),"") | P2: =COUNTIFS(Credits!$E:$E,"B/Y",Credits!$F:$F,"#1",Credits!$G:$G,"ENTRY_C") | Q2: =COUNTIFS(Credits!$E:$E,"B/Y",Credits!$F:$F,"#1",Credits!$G:$G,"ENTRY_D") | R2: =COUNTIFS(Credits!$E:$E,"B/Y",Credits!$F:$F,"#1",Credits!$G:$G,"EXIT_C") | S2: =COUNTIFS(Credits!$E:$E,"B/Y",Credits!$F:$F,"#1",Credits!$G:$G,"EXIT_CL") | T2: =COUNTIFS(Credits!$E:$E,"B/Y",Credits!$F:$F,"#1",Credits!$G:$G,"GIVE") | U2: =COUNTIFS(Credits!$E:$E,"B/Y",Credits!$F:$F,"#1",Credits!$G:$G,"TAKE") | V2: =COUNTIFS(Credits!$E:$E,"B/Y",Credits!$F:$F,"#1",Credits!$G:$G,"PASS") | W2: =COUNTIFS(Credits!$E:$E,"B/Y",Credits!$F:$F,"#1",Credits!$G:$G,"PASS_C") | X2: =IFERROR(W2/V2,"") | Y2: =COUNTIFS(Credits!$E:$E,"B/Y",Credits!$F:$F,"#1",Credits!$G:$G,"PEN") | Z2: 0:00 | AA2: 0 | AB2: 0 | AC2: 0 | AD2: 0 | AE2: =AC2-AD2
A3: B/Y | B3: #11 | D3: =COUNTIFS(Credits!$E:$E,"B/Y",Credits!$F:$F,"#11",Credits!$G:$G,"GOAL") | E3: =COUNTIFS(Credits!$E:$E,"B/Y",Credits!$F:$F,"#11",Credits!$G:$G,"ASSIST") | F3: =D3+E3 | G3: =COUNTIFS(Credits!$E:$E,"B/Y",Credits!$F:$F,"#11",Credits!$G:$G,"SOG") | H3: =COUNTIFS(Credits!$E:$E,"B/Y",Credits!$F:$F,"#11",Credits!$G:$G,"MISS") | I3: =COUNTIFS(Credits!$E:$E,"B/Y",Credits!$F:$F,"#11",Credits!$G:$G,"BLOCK") | J3: =G3+H3+I3 | K3: =COUNTIFS(Credits!$E:$E,"B/Y",Credits!$F:$F,"#11",Credits!$G:$G,"CHANCE") | L3: =COUNTIFS(Credits!$E:$E,"B/Y",Credits!$F:$F,"#11",Credits!$G:$G,"CHANCE_HD") | M3: =COUNTIFS(Credits!$E:$E,"B/Y",Credits!$F:$F,"#11",Credits!$G:$G,"FO_W") | N3: =COUNTIFS(Credits!$E:$E,"B/Y",Credits!$F:$F,"#11",Credits!$G:$G,"FO_L") | O3: =IFERROR(M3/(M3+N3),"") | P3: =COUNTIFS(Credits!$E:$E,"B/Y",Credits!$F:$F,"#11",Credits!$G:$G,"ENTRY_C") | Q3: =COUNTIFS(Credits!$E:$E,"B/Y",Credits!$F:$F,"#11",Credits!$G:$G,"ENTRY_D") | R3: =COUNTIFS(Credits!$E:$E,"B/Y",Credits!$F:$F,"#11",Credits!$G:$G,"EXIT_C") | S3: =COUNTIFS(Credits!$E:$E,"B/Y",Credits!$F:$F,"#11",Credits!$G:$G,"EXIT_CL") | T3: =COUNTIFS(Credits!$E:$E,"B/Y",Credits!$F:$F,"#11",Credits!$G:$G,"GIVE") | U3: =COUNTIFS(Credits!$E:$E,"B/Y",Credits!$F:$F,"#11",Credits!$G:$G,"TAKE") | V3: =COUNTIFS(Credits!$E:$E,"B/Y",Credits!$F:$F,"#11",Credits!$G:$G,"PASS") | W3: =COUNTIFS(Credits!$E:$E,"B/Y",Credits!$F:$F,"#11",Credits!$G:$G,"PASS_C") | X3: =IFERROR(W3/V3,"") | Y3: =COUNTIFS(Credits!$E:$E,"B/Y",Credits!$F:$F,"#11",Credits!$G:$G,"PEN") | Z3: 1:00 | AA3: 60 | AB3: 1 | AC3: 1 | AD3: 0 | AE3: =AC3-AD3
A4: B/Y | B4: #22 | D4: =COUNTIFS(Credits!$E:$E,"B/Y",Credits!$F:$F,"#22",Credits!$G:$G,"GOAL") | E4: =COUNTIFS(Credits!$E:$E,"B/Y",Credits!$F:$F,"#22",Credits!$G:$G,"ASSIST") | F4: =D4+E4 | G4: =COUNTIFS(Credits!$E:$E,"B/Y",Credits!$F:$F,"#22",Credits!$G:$G,"SOG") | H4: =COUNTIFS(Credits!$E:$E,"B/Y",Credits!$F:$F,"#22",Credits!$G:$G,"MISS") | I4: =COUNTIFS(Credits!$E:$E,"B/Y",Credits!$F:$F,"#22",Credits!$G:$G,"BLOCK") | J4: =G4+H4+I4 | K4: =COUNTIFS(Credits!$E:$E,"B/Y",Credits!$F:$F,"#22",Credits!$G:$G,"CHANCE") | L4: =COUNTIFS(Credits!$E:$E,"B/Y",Credits!$F:$F,"#22",Credits!$G:$G,"CHANCE_HD") | M4: =COUNTIFS(Credits!$E:$E,"B/Y",Credits!$F:$F,"#22",Credits!$G:$G,"FO_W") | N4: =COUNTIFS(Credits!$E:$E,"B/Y",Credits!$F:$F,"#22",Credits!$G:$G,"FO_L") | O4: =IFERROR(M4/(M4+N4),"") | P4: =COUNTIFS(Credits!$E:$E,"B/Y",Credits!$F:$F,"#22",Credits!$G:$G,"ENTRY_C") | Q4: =COUNTIFS(Credits!$E:$E,"B/Y",Credits!$F:$F,"#22",Credits!$G:$G,"ENTRY_D") | R4: =COUNTIFS(Credits!$E:$E,"B/Y",Credits!$F:$F,"#22",Credits!$G:$G,"EXIT_C") | S4: =COUNTIFS(Credits!$E:$E,"B/Y",Credits!$F:$F,"#22",Credits!$G:$G,"EXIT_CL") | T4: =COUNTIFS(Credits!$E:$E,"B/Y",Credits!$F:$F,"#22",Credits!$G:$G,"GIVE") | U4: =COUNTIFS(Credits!$E:$E,"B/Y",Credits!$F:$F,"#22",Credits!$G:$G,"TAKE") | V4: =COUNTIFS(Credits!$E:$E,"B/Y",Credits!$F:$F,"#22",Credits!$G:$G,"PASS") | W4: =COUNTIFS(Credits!$E:$E,"B/Y",Credits!$F:$F,"#22",Credits!$G:$G,"PASS_C") | X4: =IFERROR(W4/V4,"") | Y4: =COUNTIFS(Credits!$E:$E,"B/Y",Credits!$F:$F,"#22",Credits!$G:$G,"PEN") | Z4: 1:00 | AA4: 60 | AB4: 1 | AC4: 1 | AD4: 0 | AE4: =AC4-AD4
A5: B/Y | B5: #33 | D5: =COUNTIFS(Credits!$E:$E,"B/Y",Credits!$F:$F,"#33",Credits!$G:$G,"GOAL") | E5: =COUNTIFS(Credits!$E:$E,"B/Y",Credits!$F:$F,"#33",Credits!$G:$G,"ASSIST") | F5: =D5+E5 | G5: =COUNTIFS(Credits!$E:$E,"B/Y",Credits!$F:$F,"#33",Credits!$G:$G,"SOG") | H5: =COUNTIFS(Credits!$E:$E,"B/Y",Credits!$F:$F,"#33",Credits!$G:$G,"MISS") | I5: =COUNTIFS(Credits!$E:$E,"B/Y",Credits!$F:$F,"#33",Credits!$G:$G,"BLOCK") | J5: =G5+H5+I5 | K5: =COUNTIFS(Credits!$E:$E,"B/Y",Credits!$F:$F,"#33",Credits!$G:$G,"CHANCE") | L5: =COUNTIFS(Credits!$E:$E,"B/Y",Credits!$F:$F,"#33",Credits!$G:$G,"CHANCE_HD") | M5: =COUNTIFS(Credits!$E:$E,"B/Y",Credits!$F:$F,"#33",Credits!$G:$G,"FO_W") | N5: =COUNTIFS(Credits!$E:$E,"B/Y",Credits!$F:$F,"#33",Credits!$G:$G,"FO_L") | O5: =IFERROR(M5/(M5+N5),"") | P5: =COUNTIFS(Credits!$E:$E,"B/Y",Credits!$F:$F,"#33",Credits!$G:$G,"ENTRY_C") | Q5: =COUNTIFS(Credits!$E:$E,"B/Y",Credits!$F:$F,"#33",Credits!$G:$G,"ENTRY_D") | R5: =COUNTIFS(Credits!$E:$E,"B/Y",Credits!$F:$F,"#33",Credits!$G:$G,"EXIT_C") | S5: =COUNTIFS(Credits!$E:$E,"B/Y",Credits!$F:$F,"#33",Credits!$G:$G,"EXIT_CL") | T5: =COUNTIFS(Credits!$E:$E,"B/Y",Credits!$F:$F,"#33",Credits!$G:$G,"GIVE") | U5: =COUNTIFS(Credits!$E:$E,"B/Y",Credits!$F:$F,"#33",Credits!$G:$G,"TAKE") | V5: =COUNTIFS(Credits!$E:$E,"B/Y",Credits!$F:$F,"#33",Credits!$G:$G,"PASS") | W5: =COUNTIFS(Credits!$E:$E,"B/Y",Credits!$F:$F,"#33",Credits!$G:$G,"PASS_C") | X5: =IFERROR(W5/V5,"") | Y5: =COUNTIFS(Credits!$E:$E,"B/Y",Credits!$F:$F,"#33",Credits!$G:$G,"PEN") | Z5: 1:00 | AA5: 60 | AB5: 1 | AC5: 1 | AD5: 0 | AE5: =AC5-AD5
A6: B/Y | B6: #44 | D6: =COUNTIFS(Credits!$E:$E,"B/Y",Credits!$F:$F,"#44",Credits!$G:$G,"GOAL") | E6: =COUNTIFS(Credits!$E:$E,"B/Y",Credits!$F:$F,"#44",Credits!$G:$G,"ASSIST") | F6: =D6+E6 | G6: =COUNTIFS(Credits!$E:$E,"B/Y",Credits!$F:$F,"#44",Credits!$G:$G,"SOG") | H6: =COUNTIFS(Credits!$E:$E,"B/Y",Credits!$F:$F,"#44",Credits!$G:$G,"MISS") | I6: =COUNTIFS(Credits!$E:$E,"B/Y",Credits!$F:$F,"#44",Credits!$G:$G,"BLOCK") | J6: =G6+H6+I6 | K6: =COUNTIFS(Credits!$E:$E,"B/Y",Credits!$F:$F,"#44",Credits!$G:$G,"CHANCE") | L6: =COUNTIFS(Credits!$E:$E,"B/Y",Credits!$F:$F,"#44",Credits!$G:$G,"CHANCE_HD") | M6: =COUNTIFS(Credits!$E:$E,"B/Y",Credits!$F:$F,"#44",Credits!$G:$G,"FO_W") | N6: =COUNTIFS(Credits!$E:$E,"B/Y",Credits!$F:$F,"#44",Credits!$G:$G,"FO_L") | O6: =IFERROR(M6/(M6+N6),"") | P6: =COUNTIFS(Credits!$E:$E,"B/Y",Credits!$F:$F,"#44",Credits!$G:$G,"ENTRY_C") | Q6: =COUNTIFS(Credits!$E:$E,"B/Y",Credits!$F:$F,"#44",Credits!$G:$G,"ENTRY_D") | R6: =COUNTIFS(Credits!$E:$E,"B/Y",Credits!$F:$F,"#44",Credits!$G:$G,"EXIT_C") | S6: =COUNTIFS(Credits!$E:$E,"B/Y",Credits!$F:$F,"#44",Credits!$G:$G,"EXIT_CL") | T6: =COUNTIFS(Credits!$E:$E,"B/Y",Credits!$F:$F,"#44",Credits!$G:$G,"GIVE") | U6: =COUNTIFS(Credits!$E:$E,"B/Y",Credits!$F:$F,"#44",Credits!$G:$G,"TAKE") | V6: =COUNTIFS(Credits!$E:$E,"B/Y",Credits!$F:$F,"#44",Credits!$G:$G,"PASS") | W6: =COUNTIFS(Credits!$E:$E,"B/Y",Credits!$F:$F,"#44",Credits!$G:$G,"PASS_C") | X6: =IFERROR(W6/V6,"") | Y6: =COUNTIFS(Credits!$E:$E,"B/Y",Credits!$F:$F,"#44",Credits!$G:$G,"PEN") | Z6: 0:40 | AA6: 40 | AB6: 1 | AC6: 0 | AD6: 1 | AE6: =AC6-AD6
A7: B/Y | B7: #55 | D7: =COUNTIFS(Credits!$E:$E,"B/Y",Credits!$F:$F,"#55",Credits!$G:$G,"GOAL") | E7: =COUNTIFS(Credits!$E:$E,"B/Y",Credits!$F:$F,"#55",Credits!$G:$G,"ASSIST") | F7: =D7+E7 | G7: =COUNTIFS(Credits!$E:$E,"B/Y",Credits!$F:$F,"#55",Credits!$G:$G,"SOG") | H7: =COUNTIFS(Credits!$E:$E,"B/Y",Credits!$F:$F,"#55",Credits!$G:$G,"MISS") | I7: =COUNTIFS(Credits!$E:$E,"B/Y",Credits!$F:$F,"#55",Credits!$G:$G,"BLOCK") | J7: =G7+H7+I7 | K7: =COUNTIFS(Credits!$E:$E,"B/Y",Credits!$F:$F,"#55",Credits!$G:$G,"CHANCE") | L7: =COUNTIFS(Credits!$E:$E,"B/Y",Credits!$F:$F,"#55",Credits!$G:$G,"CHANCE_HD") | M7: =COUNTIFS(Credits!$E:$E,"B/Y",Credits!$F:$F,"#55",Credits!$G:$G,"FO_W") | N7: =COUNTIFS(Credits!$E:$E,"B/Y",Credits!$F:$F,"#55",Credits!$G:$G,"FO_L") | O7: =IFERROR(M7/(M7+N7),"") | P7: =COUNTIFS(Credits!$E:$E,"B/Y",Credits!$F:$F,"#55",Credits!$G:$G,"ENTRY_C") | Q7: =COUNTIFS(Credits!$E:$E,"B/Y",Credits!$F:$F,"#55",Credits!$G:$G,"ENTRY_D") | R7: =COUNTIFS(Credits!$E:$E,"B/Y",Credits!$F:$F,"#55",Credits!$G:$G,"EXIT_C") | S7: =COUNTIFS(Credits!$E:$E,"B/Y",Credits!$F:$F,"#55",Credits!$G:$G,"EXIT_CL") | T7: =COUNTIFS(Credits!$E:$E,"B/Y",Credits!$F:$F,"#55",Credits!$G:$G,"GIVE") | U7: =COUNTIFS(Credits!$E:$E,"B/Y",Credits!$F:$F,"#55",Credits!$G:$G,"TAKE") | V7: =COUNTIFS(Credits!$E:$E,"B/Y",Credits!$F:$F,"#55",Credits!$G:$G,"PASS") | W7: =COUNTIFS(Credits!$E:$E,"B/Y",Credits!$F:$F,"#55",Credits!$G:$G,"PASS_C") | X7: =IFERROR(W7/V7,"") | Y7: =COUNTIFS(Credits!$E:$E,"B/Y",Credits!$F:$F,"#55",Credits!$G:$G,"PEN") | Z7: 0:40 | AA7: 40 | AB7: 1 | AC7: 0 | AD7: 1 | AE7: =AC7-AD7
A8: B/Y | B8: #66 | D8: =COUNTIFS(Credits!$E:$E,"B/Y",Credits!$F:$F,"#66",Credits!$G:$G,"GOAL") | E8: =COUNTIFS(Credits!$E:$E,"B/Y",Credits!$F:$F,"#66",Credits!$G:$G,"ASSIST") | F8: =D8+E8 | G8: =COUNTIFS(Credits!$E:$E,"B/Y",Credits!$F:$F,"#66",Credits!$G:$G,"SOG") | H8: =COUNTIFS(Credits!$E:$E,"B/Y",Credits!$F:$F,"#66",Credits!$G:$G,"MISS") | I8: =COUNTIFS(Credits!$E:$E,"B/Y",Credits!$F:$F,"#66",Credits!$G:$G,"BLOCK") | J8: =G8+H8+I8 | K8: =COUNTIFS(Credits!$E:$E,"B/Y",Credits!$F:$F,"#66",Credits!$G:$G,"CHANCE") | L8: =COUNTIFS(Credits!$E:$E,"B/Y",Credits!$F:$F,"#66",Credits!$G:$G,"CHANCE_HD") | M8: =COUNTIFS(Credits!$E:$E,"B/Y",Credits!$F:$F,"#66",Credits!$G:$G,"FO_W") | N8: =COUNTIFS(Credits!$E:$E,"B/Y",Credits!$F:$F,"#66",Credits!$G:$G,"FO_L") | O8: =IFERROR(M8/(M8+N8),"") | P8: =COUNTIFS(Credits!$E:$E,"B/Y",Credits!$F:$F,"#66",Credits!$G:$G,"ENTRY_C") | Q8: =COUNTIFS(Credits!$E:$E,"B/Y",Credits!$F:$F,"#66",Credits!$G:$G,"ENTRY_D") | R8: =COUNTIFS(Credits!$E:$E,"B/Y",Credits!$F:$F,"#66",Credits!$G:$G,"EXIT_C") | S8: =COUNTIFS(Credits!$E:$E,"B/Y",Credits!$F:$F,"#66",Credits!$G:$G,"EXIT_CL") | T8: =COUNTIFS(Credits!$E:$E,"B/Y",Credits!$F:$F,"#66",Credits!$G:$G,"GIVE") | U8: =COUNTIFS(Credits!$E:$E,"B/Y",Credits!$F:$F,"#66",Credits!$G:$G,"TAKE") | V8: =COUNTIFS(Credits!$E:$E,"B/Y",Credits!$F:$F,"#66",Credits!$G:$G,"PASS") | W8: =COUNTIFS(Credits!$E:$E,"B/Y",Credits!$F:$F,"#66",Credits!$G:$G,"PASS_C") | X8: =IFERROR(W8/V8,"") | Y8: =COUNTIFS(Credits!$E:$E,"B/Y",Credits!$F:$F,"#66",Credits!$G:$G,"PEN") | Z8: 0:40 | AA8: 40 | AB8: 1 | AC8: 0 | AD8: 1 | AE8: =AC8-AD8
A9: GRN | B9: #30 | C9: G | D9: =COUNTIFS(Credits!$E:$E,"GRN",Credits!$F:$F,"#30",Credits!$G:$G,"GOAL") | E9: =COUNTIFS(Credits!$E:$E,"GRN",Credits!$F:$F,"#30",Credits!$G:$G,"ASSIST") | F9: =D9+E9 | G9: =COUNTIFS(Credits!$E:$E,"GRN",Credits!$F:$F,"#30",Credits!$G:$G,"SOG") | H9: =COUNTIFS(Credits!$E:$E,"GRN",Credits!$F:$F,"#30",Credits!$G:$G,"MISS") | I9: =COUNTIFS(Credits!$E:$E,"GRN",Credits!$F:$F,"#30",Credits!$G:$G,"BLOCK") | J9: =G9+H9+I9 | K9: =COUNTIFS(Credits!$E:$E,"GRN",Credits!$F:$F,"#30",Credits!$G:$G,"CHANCE") | L9: =COUNTIFS(Credits!$E:$E,"GRN",Credits!$F:$F,"#30",Credits!$G:$G,"CHANCE_HD") | M9: =COUNTIFS(Credits!$E:$E,"GRN",Credits!$F:$F,"#30",Credits!$G:$G,"FO_W") | N9: =COUNTIFS(Credits!$E:$E,"GRN",Credits!$F:$F,"#30",Credits!$G:$G,"FO_L") | O9: =IFERROR(M9/(M9+N9),"") | P9: =COUNTIFS(Credits!$E:$E,"GRN",Credits!$F:$F,"#30",Credits!$G:$G,"ENTRY_C") | Q9: =COUNTIFS(Credits!$E:$E,"GRN",Credits!$F:$F,"#30",Credits!$G:$G,"ENTRY_D") | R9: =COUNTIFS(Credits!$E:$E,"GRN",Credits!$F:$F,"#30",Credits!$G:$G,"EXIT_C") | S9: =COUNTIFS(Credits!$E:$E,"GRN",Credits!$F:$F,"#30",Credits!$G:$G,"EXIT_CL") | T9: =COUNTIFS(Credits!$E:$E,"GRN",Credits!$F:$F,"#30",Credits!$G:$G,"GIVE") | U9: =COUNTIFS(Credits!$E:$E,"GRN",Credits!$F:$F,"#30",Credits!$G:$G,"TAKE") | V9: =COUNTIFS(Credits!$E:$E,"GRN",Credits!$F:$F,"#30",Credits!$G:$G,"PASS") | W9: =COUNTIFS(Credits!$E:$E,"GRN",Credits!$F:$F,"#30",Credits!$G:$G,"PASS_C") | X9: =IFERROR(W9/V9,"") | Y9: =COUNTIFS(Credits!$E:$E,"GRN",Credits!$F:$F,"#30",Credits!$G:$G,"PEN") | Z9: 0:00 | AA9: 0 | AB9: 0 | AC9: 0 | AD9: 0 | AE9: =AC9-AD9
A10: GRN | B10: #32 | D10: =COUNTIFS(Credits!$E:$E,"GRN",Credits!$F:$F,"#32",Credits!$G:$G,"GOAL") | E10: =COUNTIFS(Credits!$E:$E,"GRN",Credits!$F:$F,"#32",Credits!$G:$G,"ASSIST") | F10: =D10+E10 | G10: =COUNTIFS(Credits!$E:$E,"GRN",Credits!$F:$F,"#32",Credits!$G:$G,"SOG") | H10: =COUNTIFS(Credits!$E:$E,"GRN",Credits!$F:$F,"#32",Credits!$G:$G,"MISS") | I10: =COUNTIFS(Credits!$E:$E,"GRN",Credits!$F:$F,"#32",Credits!$G:$G,"BLOCK") | J10: =G10+H10+I10 | K10: =COUNTIFS(Credits!$E:$E,"GRN",Credits!$F:$F,"#32",Credits!$G:$G,"CHANCE") | L10: =COUNTIFS(Credits!$E:$E,"GRN",Credits!$F:$F,"#32",Credits!$G:$G,"CHANCE_HD") | M10: =COUNTIFS(Credits!$E:$E,"GRN",Credits!$F:$F,"#32",Credits!$G:$G,"FO_W") | N10: =COUNTIFS(Credits!$E:$E,"GRN",Credits!$F:$F,"#32",Credits!$G:$G,"FO_L") | O10: =IFERROR(M10/(M10+N10),"") | P10: =COUNTIFS(Credits!$E:$E,"GRN",Credits!$F:$F,"#32",Credits!$G:$G,"ENTRY_C") | Q10: =COUNTIFS(Credits!$E:$E,"GRN",Credits!$F:$F,"#32",Credits!$G:$G,"ENTRY_D") | R10: =COUNTIFS(Credits!$E:$E,"GRN",Credits!$F:$F,"#32",Credits!$G:$G,"EXIT_C") | S10: =COUNTIFS(Credits!$E:$E,"GRN",Credits!$F:$F,"#32",Credits!$G:$G,"EXIT_CL") | T10: =COUNTIFS(Credits!$E:$E,"GRN",Credits!$F:$F,"#32",Credits!$G:$G,"GIVE") | U10: =COUNTIFS(Credits!$E:$E,"GRN",Credits!$F:$F,"#32",Credits!$G:$G,"TAKE") | V10: =COUNTIFS(Credits!$E:$E,"GRN",Credits!$F:$F,"#32",Credits!$G:$G,"PASS") | W10: =COUNTIFS(Credits!$E:$E,"GRN",Credits!$F:$F,"#32",Credits!$G:$G,"PASS_C") | X10: =IFERROR(W10/V10,"") | Y10: =COUNTIFS(Credits!$E:$E,"GRN",Credits!$F:$F,"#32",Credits!$G:$G,"PEN") | Z10: 1:40 | AA10: 100 | AB10: 1 | AC10: 1 | AD10: 1 | AE10: =AC10-AD10
A11: GRN | B11: #77 | D11: =COUNTIFS(Credits!$E:$E,"GRN",Credits!$F:$F,"#77",Credits!$G:$G,"GOAL") | E11: =COUNTIFS(Credits!$E:$E,"GRN",Credits!$F:$F,"#77",Credits!$G:$G,"ASSIST") | F11: =D11+E11 | G11: =COUNTIFS(Credits!$E:$E,"GRN",Credits!$F:$F,"#77",Credits!$G:$G,"SOG") | H11: =COUNTIFS(Credits!$E:$E,"GRN",Credits!$F:$F,"#77",Credits!$G:$G,"MISS") | I11: =COUNTIFS(Credits!$E:$E,"GRN",Credits!$F:$F,"#77",Credits!$G:$G,"BLOCK") | J11: =G11+H11+I11 | K11: =COUNTIFS(Credits!$E:$E,"GRN",Credits!$F:$F,"#77",Credits!$G:$G,"CHANCE") | L11: =COUNTIFS(Credits!$E:$E,"GRN",Credits!$F:$F,"#77",Credits!$G:$G,"CHANCE_HD") | M11: =COUNTIFS(Credits!$E:$E,"GRN",Credits!$F:$F,"#77",Credits!$G:$G,"FO_W") | N11: =COUNTIFS(Credits!$E:$E,"GRN",Credits!$F:$F,"#77",Credits!$G:$G,"FO_L") | O11: =IFERROR(M11/(M11+N11),"") | P11: =COUNTIFS(Credits!$E:$E,"GRN",Credits!$F:$F,"#77",Credits!$G:$G,"ENTRY_C") | Q11: =COUNTIFS(Credits!$E:$E,"GRN",Credits!$F:$F,"#77",Credits!$G:$G,"ENTRY_D") | R11: =COUNTIFS(Credits!$E:$E,"GRN",Credits!$F:$F,"#77",Credits!$G:$G,"EXIT_C") | S11: =COUNTIFS(Credits!$E:$E,"GRN",Credits!$F:$F,"#77",Credits!$G:$G,"EXIT_CL") | T11: =COUNTIFS(Credits!$E:$E,"GRN",Credits!$F:$F,"#77",Credits!$G:$G,"GIVE") | U11: =COUNTIFS(Credits!$E:$E,"GRN",Credits!$F:$F,"#77",Credits!$G:$G,"TAKE") | V11: =COUNTIFS(Credits!$E:$E,"GRN",Credits!$F:$F,"#77",Credits!$G:$G,"PASS") | W11: =COUNTIFS(Credits!$E:$E,"GRN",Credits!$F:$F,"#77",Credits!$G:$G,"PASS_C") | X11: =IFERROR(W11/V11,"") | Y11: =COUNTIFS(Credits!$E:$E,"GRN",Credits!$F:$F,"#77",Credits!$G:$G,"PEN") | Z11: 1:40 | AA11: 100 | AB11: 1 | AC11: 1 | AD11: 1 | AE11: =AC11-AD11
A12: GRN | B12: #98 | D12: =COUNTIFS(Credits!$E:$E,"GRN",Credits!$F:$F,"#98",Credits!$G:$G,"GOAL") | E12: =COUNTIFS(Credits!$E:$E,"GRN",Credits!$F:$F,"#98",Credits!$G:$G,"ASSIST") | F12: =D12+E12 | G12: =COUNTIFS(Credits!$E:$E,"GRN",Credits!$F:$F,"#98",Credits!$G:$G,"SOG") | H12: =COUNTIFS(Credits!$E:$E,"GRN",Credits!$F:$F,"#98",Credits!$G:$G,"MISS") | I12: =COUNTIFS(Credits!$E:$E,"GRN",Credits!$F:$F,"#98",Credits!$G:$G,"BLOCK") | J12: =G12+H12+I12 | K12: =COUNTIFS(Credits!$E:$E,"GRN",Credits!$F:$F,"#98",Credits!$G:$G,"CHANCE") | L12: =COUNTIFS(Credits!$E:$E,"GRN",Credits!$F:$F,"#98",Credits!$G:$G,"CHANCE_HD") | M12: =COUNTIFS(Credits!$E:$E,"GRN",Credits!$F:$F,"#98",Credits!$G:$G,"FO_W") | N12: =COUNTIFS(Credits!$E:$E,"GRN",Credits!$F:$F,"#98",Credits!$G:$G,"FO_L") | O12: =IFERROR(M12/(M12+N12),"") | P12: =COUNTIFS(Credits!$E:$E,"GRN",Credits!$F:$F,"#98",Credits!$G:$G,"ENTRY_C") | Q12: =COUNTIFS(Credits!$E:$E,"GRN",Credits!$F:$F,"#98",Credits!$G:$G,"ENTRY_D") | R12: =COUNTIFS(Credits!$E:$E,"GRN",Credits!$F:$F,"#98",Credits!$G:$G,"EXIT_C") | S12: =COUNTIFS(Credits!$E:$E,"GRN",Credits!$F:$F,"#98",Credits!$G:$G,"EXIT_CL") | T12: =COUNTIFS(Credits!$E:$E,"GRN",Credits!$F:$F,"#98",Credits!$G:$G,"GIVE") | U12: =COUNTIFS(Credits!$E:$E,"GRN",Credits!$F:$F,"#98",Credits!$G:$G,"TAKE") | V12: =COUNTIFS(Credits!$E:$E,"GRN",Credits!$F:$F,"#98",Credits!$G:$G,"PASS") | W12: =COUNTIFS(Credits!$E:$E,"GRN",Credits!$F:$F,"#98",Credits!$G:$G,"PASS_C") | X12: =IFERROR(W12/V12,"") | Y12: =COUNTIFS(Credits!$E:$E,"GRN",Credits!$F:$F,"#98",Credits!$G:$G,"PEN") | Z12: 1:40 | AA12: 100 | AB12: 1 | AC12: 1 | AD12: 1 | AE12: =AC12-AD12
A14: Counted columns are live COUNTIFS formulas over the Credits sheet. TOI, shifts and on-ice goals come from the on-ice sets.

Sheet Goalies
A1: Team | B1: Goalie | C1: Shots against | D1: Saves | E1: Goals against | F1: Save %
A2: Black/Yellow | B2: #1 | C2: =COUNTIFS(Credits!$E:$E,"GRN",Credits!$G:$G,"SOG") | D2: =C2-E2 | E2: =COUNTIFS(Credits!$E:$E,"GRN",Credits!$G:$G,"GOAL") | F2: =IFERROR(D2/C2,"")
A3: Green | B3: #30 | C3: =COUNTIFS(Credits!$E:$E,"B/Y",Credits!$G:$G,"SOG") | D3: =C3-E3 | E3: =COUNTIFS(Credits!$E:$E,"B/Y",Credits!$G:$G,"GOAL") | F3: =IFERROR(D3/C3,"")
A5: Saves are worked out, not tagged: a save is a shot on goal against that did not go in. Goals count as shots on goal.

Sheet Goals
A1: Video time | B1: Clock | C1: Period | D1: Team | E1: Scorer | F1: Assists | G1: On ice — B/Y | H1: On ice — GRN | I1: Note
A2: 0:45.0 | B2: 14:15 | C2: 1 | D2: Black/Yellow | E2: #22 | F2: #11 | G2: #11 #22 #33 | H2: #77 #98 #32
A3: 1:30.0 | B3: 13:30 | C3: 1 | D3: Green | E3: #98 | G3: #44 #55 #66 | H3: #77 #98 #32

Sheet Confidence
A1: Event type | B1: Logged | C1: Flagged for review | D1: Share flagged | E1: What limits it
A2: CHANCE | B2: 1 | C2: 0 | D2: =IFERROR(C2/B2,"")
A3: ENTRY | B3: 1 | C3: 0 | D3: =IFERROR(C3/B3,"")
A4: FO | B4: 1 | C4: 0 | D4: =IFERROR(C4/B4,"") | E4: The losing player is often obscured at the dot.
A5: GIVE | B5: 1 | C5: 0 | D5: =IFERROR(C5/B5,"")
A6: GOAL | B6: 2 | C6: 0 | D6: =IFERROR(C6/B6,"")
A7: MISS | B7: 1 | C7: 0 | D7: =IFERROR(C7/B7,"")
A8: ONICE | B8: 3 | C8: 0 | D8: =IFERROR(C8/B8,"") | E8: Far-side jersey numbers at the bench are small on this camera.
A9: PASS | B9: 2 | C9: 1 | D9: =IFERROR(C9/B9,"") | E9: Rapid passing sequences are the hardest events to attribute.
A10: SOG | B10: 2 | C10: 0 | D10: =IFERROR(C10/B10,"")
A11: TAKE | B11: 1 | C11: 0 | D11: =IFERROR(C11/B11,"")
A13: A flagged event was logged but could not be read with confidence. Flagged events are never guessed; filter the Event log on the Flagged column to review each one against the video.

Sheet Event log
A1: Event | B1: Video time | C1: Clock | D1: Period | E1: Event type | F1: Detail | G1: Team | H1: Players | I1: Flagged | J1: Note | K1: Clip
A2: 1 | B2: 0:00.0 | C2: 15:00 | D2: 1 | E2: ONICE | G2: B/Y | H2: #11 #22 #33
A3: 2 | B3: 0:00.0 | C3: 15:00 | D3: 1 | E3: ONICE | G3: GRN | H3: #77 #98 #32
A4: 3 | B4: 0:15.0 | C4: 14:45 | D4: 1 | E4: SOG | G4: B/Y | H4: #11
A5: 4 | B5: 0:22.0 | C5: 14:38 | D5: 1 | E5: MISS | G5: B/Y | H5: #22
A6: 5 | B6: 0:30.0 | C6: 14:30 | D6: 1 | E6: ENTRY | F6: controlled | G6: B/Y | H6: #11
A7: 6 | B7: 0:35.0 | C7: 14:25 | D7: 1 | E7: PASS | F7: completed | G7: B/Y | H7: #11
A8: 7 | B8: 0:38.0 | C8: 14:22 | D8: 1 | E8: PASS | G8: B/Y | H8: #22 | I8: yes | J8: could not see who received it
A9: 8 | B9: 0:40.0 | C9: 14:20 | D9: 1 | E9: CHANCE | F9: high danger | G9: B/Y | H9: #22
A10: 9 | B10: 0:45.0 | C10: 14:15 | D10: 1 | E10: GOAL | G10: B/Y | H10: #22 (scorer) #11 (assist1)
A11: 10 | B11: 0:50.0 | C11: 14:10 | D11: 1 | E11: FO | G11: GRN | H11: #77 (won) #33 (lost)
A12: 11 | B12: 1:00.0 | C12: 14:00 | D12: 1 | E12: ONICE | G12: B/Y | H12: #44 #55 #66
A13: 12 | B13: 1:10.0 | C13: 13:50 | D13: 1 | E13: SOG | G13: GRN | H13: #98
A14: 13 | B14: 1:20.0 | C14: 13:40 | D14: 1 | E14: TAKE | G14: B/Y | H14: #44
A15: 14 | B15: 1:30.0 | C15: 13:30 | D15: 1 | E15: GOAL | G15: GRN | H15: #98 (scorer)
A16: 15 | B16: 1:40.0 | C16: 13:20 | D16: 1 | E16: GIVE | G16: B/Y | H16: #55

Sheet Credits
A1: Event | B1: Video time | C1: Clock | D1: Period | E1: Team | F1: Player | G1: Stat | H1: Flagged | I1: Note
A2: 3 | B2: 0:15.0 | C2: 14:45 | D2: 1 | E2: B/Y | F2: #11 | G2: SOG
A3: 4 | B3: 0:22.0 | C3: 14:38 | D3: 1 | E3: B/Y | F3: #22 | G3: MISS
A4: 5 | B4: 0:30.0 | C4: 14:30 | D4: 1 | E4: B/Y | F4: #11 | G4: ENTRY_C
A5: 6 | B5: 0:35.0 | C5: 14:25 | D5: 1 | E5: B/Y | F5: #11 | G5: PASS
A6: 6 | B6: 0:35.0 | C6: 14:25 | D6: 1 | E6: B/Y | F6: #11 | G6: PASS_C
A7: 7 | B7: 0:38.0 | C7: 14:22 | D7: 1 | E7: B/Y | F7: #22 | G7: PASS | H7: yes | I7: could not see who received it
A8: 8 | B8: 0:40.0 | C8: 14:20 | D8: 1 | E8: B/Y | F8: #22 | G8: CHANCE
A9: 8 | B9: 0:40.0 | C9: 14:20 | D9: 1 | E9: B/Y | F9: #22 | G9: CHANCE_HD
A10: 9 | B10: 0:45.0 | C10: 14:15 | D10: 1 | E10: B/Y | F10: #22 | G10: GOAL
A11: 9 | B11: 0:45.0 | C11: 14:15 | D11: 1 | E11: B/Y | F11: #22 | G11: SOG
A12: 9 | B12: 0:45.0 | C12: 14:15 | D12: 1 | E12: B/Y | F12: #11 | G12: ASSIST
A13: 10 | B13: 0:50.0 | C13: 14:10 | D13: 1 | E13: GRN | F13: #77 | G13: FO_W
A14: 10 | B14: 0:50.0 | C14: 14:10 | D14: 1 | E14: B/Y | F14: #33 | G14: FO_L
A15: 12 | B15: 1:10.0 | C15: 13:50 | D15: 1 | E15: GRN | F15: #98 | G15: SOG
A16: 13 | B16: 1:20.0 | C16: 13:40 | D16: 1 | E16: B/Y | F16: #44 | G16: TAKE
A17: 14 | B17: 1:30.0 | C17: 13:30 | D17: 1 | E17: GRN | F17: #98 | G17: GOAL
A18: 14 | B18: 1:30.0 | C18: 13:30 | D18: 1 | E18: GRN | F18: #98 | G18: SOG
A19: 15 | B19: 1:40.0 | C19: 13:20 | D19: 1 | E19: B/Y | F19: #55 | G19: GIVE

Sheet Roster
A1: Team | B1: Number | C1: Position | D1: Number confirmed on video | E1: Note
A2: Black/Yellow | B2: #1 | C2: G | E2: goalie
A3: Black/Yellow | B3: #11
A4: Black/Yellow | B4: #22
A5: Black/Yellow | B5: #33
A6: Black/Yellow | B6: #44
A7: Black/Yellow | B7: #55
A8: Black/Yellow | B8: #66
A9: Green | B9: #30 | C9: G
A10: Green | B10: #32
A11: Green | B11: #77
A12: Green | B12: #98
